town,region,county
Greenwich,Fairfield County,Fairfield County
Stamford,Fairfield County,Fairfield County
Darien,Fairfield County,Fairfield County
New Canaan,Fairfield County,Fairfield County
Norwalk,Fairfield County,Fairfield County
Wilton,Fairfield County,Fairfield County
Westport,Fairfield County,Fairfield County
Weston,Fairfield County,Fairfield County
Fairfield,Fairfield County,Fairfield County
Bridgeport,Fairfield County,Fairfield County
Stratford,Fairfield County,Fairfield County
Trumbull,Fairfield County,Fairfield County
Monroe,Fairfield County,Fairfield County
Easton,Fairfield County,Fairfield County
Shelton,Fairfield County,Fairfield County
Bethel,Fairfield County,Fairfield County
Brookfield,Fairfield County,Fairfield County
Danbury,Fairfield County,Fairfield County
Ridgefield,Fairfield County,Fairfield County
New Fairfield,Fairfield County,Fairfield County
Newtown,Fairfield County,Fairfield County
Redding,Fairfield County,Fairfield County
Sherman,Fairfield County,Fairfield County
Bridgewater,Litchfield County,Litchfield County
New Milford,Litchfield County,Litchfield County
North Canaan,Litchfield County,Litchfield County
Salisbury,Litchfield County,Litchfield County
Sharon,Litchfield County,Litchfield County
Cornwall,Litchfield County,Litchfield County
Warren,Litchfield County,Litchfield County
Kent,Litchfield County,Litchfield County
Washington,Litchfield County,Litchfield County
Roxbury,Litchfield County,Litchfield County
Barkhamsted,Litchfield County,Litchfield County
Colebrook,Litchfield County,Litchfield County
Goshen,Litchfield County,Litchfield County
Harwinton,Litchfield County,Litchfield County
Litchfield,Litchfield County,Litchfield County
Morris,Litchfield County,Litchfield County
New Hartford,Litchfield County,Litchfield County
Torrington,Litchfield County,Litchfield County
Winchester,Litchfield County,Litchfield County
Bethlehem,Litchfield County,Litchfield County
Thomaston,Litchfield County,Litchfield County
Watertown,Litchfield County,Litchfield County
Woodbury,Litchfield County,Litchfield County
Plymouth,Litchfield County,Litchfield County
Canaan,Litchfield County,Litchfield County
Norfolk,Litchfield County,Litchfield County
Middletown,Middlesex County,Middlesex County
East Hampton,Middlesex County,Middlesex County
Portland,Middlesex County,Middlesex County
Cromwell,Middlesex County,Middlesex County
Middlefield,Middlesex County,Middlesex County
Durham,Middlesex County,Middlesex County
Haddam,Middlesex County,Middlesex County
East Haddam,Middlesex County,Middlesex County
Chester,Middlesex County,Middlesex County
Clinton,Middlesex County,Middlesex County
Deep River,Middlesex County,Middlesex County
Essex,Middlesex County,Middlesex County
Killingworth,Middlesex County,Middlesex County
Old Saybrook,Middlesex County,Middlesex County
Westbrook,Middlesex County,Middlesex County
Lyme,New London County,New London County
Old Lyme,New London County,New London County
New London,New London County,New London County
Waterford,New London County,New London County
Montville,New London County,New London County
Norwich,New London County,New London County
Preston,New London County,New London County
Ledyard,New London County,New London County
Groton,New London County,New London County
Stonington,New London County,New London County
North Stonington,New London County,New London County
Voluntown,New London County,New London County
Griswold,New London County,New London County
Lisbon,New London County,New London County
Sprague,New London County,New London County
Franklin,New London County,New London County
Bozrah,New London County,New London County
Colchester,New London County,New London County
Salem,New London County,New London County
East Lyme,New London County,New London County
Lebanon,New London County,New London County
Hebron,Tolland County,Tolland County
Andover,Tolland County,Tolland County
Bolton,Tolland County,Tolland County
Vernon,Tolland County,Tolland County
Tolland,Tolland County,Tolland County
Ellington,Tolland County,Tolland County
Somers,Tolland County,Tolland County
Willington,Tolland County,Tolland County
Coventry,Tolland County,Tolland County
Columbia,Tolland County,Tolland County
Mansfield,Tolland County,Tolland County
Stafford,Tolland County,Tolland County
Union,Tolland County,Tolland County
Windham,Windham County,Windham County
Chaplin,Windham County,Windham County
Hampton,Windham County,Windham County
Scotland,Windham County,Windham County
Ashford,Windham County,Windham County
Thompson,Windham County,Windham County
Woodstock,Windham County,Windham County
Eastford,Windham County,Windham County
Pomfret,Windham County,Windham County
Putnam,Windham County,Windham County
Killingly,Windham County,Windham County
Brooklyn,Windham County,Windham County
Canterbury,Windham County,Windham County
Plainfield,Windham County,Windham County
Sterling,Windham County,Windham County
Hamden,Greater New Haven,New Haven County
East Haven,Greater New Haven,New Haven County
West Haven,Greater New Haven,New Haven County
Milford,Greater New Haven,New Haven County
Orange,Greater New Haven,New Haven County
Bethany,Greater New Haven,New Haven County
Woodbridge,Greater New Haven,New Haven County
North Haven,Greater New Haven,New Haven County
Branford,Greater New Haven,New Haven County
North Branford,Greater New Haven,New Haven County
Madison,Greater New Haven,New Haven County
Guilford,Greater New Haven,New Haven County
New Haven,Greater New Haven,New Haven County
Hamden,New Haven Inner Ring,New Haven County
East Haven,New Haven Inner Ring,New Haven County
West Haven,New Haven Inner Ring,New Haven County
Milford,New Haven Outer Ring,New Haven County
Orange,New Haven Outer Ring,New Haven County
Bethany,New Haven Outer Ring,New Haven County
Woodbridge,New Haven Outer Ring,New Haven County
North Haven,New Haven Outer Ring,New Haven County
Branford,New Haven Outer Ring,New Haven County
North Branford,New Haven Outer Ring,New Haven County
Madison,New Haven Outer Ring,New Haven County
Guilford,New Haven Outer Ring,New Haven County
Ansonia,Lower Naugatuck Valley,New Haven County
Beacon Falls,Lower Naugatuck Valley,New Haven County
Derby,Lower Naugatuck Valley,New Haven County
Naugatuck,Lower Naugatuck Valley,New Haven County
Oxford,Lower Naugatuck Valley,New Haven County
Seymour,Lower Naugatuck Valley,New Haven County
Shelton,Lower Naugatuck Valley,Fairfield County
Stratford,Greater Bridgeport,Fairfield County
Fairfield,Greater Bridgeport,Fairfield County
Bridgeport,Greater Bridgeport,Fairfield County
Trumbull,Greater Bridgeport,Fairfield County
Monroe,Greater Bridgeport,Fairfield County
Easton,Greater Bridgeport,Fairfield County
Beacon Falls,Greater Waterbury,New Haven County
Bethlehem,Greater Waterbury,Litchfield County
Bridgewater,Greater Waterbury,Litchfield County
Cheshire,Greater Waterbury,New Haven County
Goshen,Greater Waterbury,Litchfield County
Litchfield,Greater Waterbury,Litchfield County
Middlebury,Greater Waterbury,New Haven County
Morris,Greater Waterbury,Litchfield County
Naugatuck,Greater Waterbury,New Haven County
New Milford,Greater Waterbury,Litchfield County
Oxford,Greater Waterbury,New Haven County
Prospect,Greater Waterbury,New Haven County
Roxbury,Greater Waterbury,Litchfield County
Southbury,Greater Waterbury,New Haven County
Thomaston,Greater Waterbury,Litchfield County
Warren,Greater Waterbury,Litchfield County
Washington,Greater Waterbury,Litchfield County
Waterbury,Greater Waterbury,New Haven County
Watertown,Greater Waterbury,Litchfield County
Wolcott,Greater Waterbury,New Haven County
Woodbury,Greater Waterbury,Litchfield County
Meriden,Other New Haven County cities,New Haven County
Wallingford,Other New Haven County cities,New Haven County
Darien,6 wealthiest Fairfield County,Fairfield County
New Canaan,6 wealthiest Fairfield County,Fairfield County
Ridgefield,6 wealthiest Fairfield County,Fairfield County
Weston,6 wealthiest Fairfield County,Fairfield County
Westport,6 wealthiest Fairfield County,Fairfield County
Wilton,6 wealthiest Fairfield County,Fairfield County
Andover,Greater Hartford,Tolland County
Avon,Greater Hartford,Hartford County
Berlin,Greater Hartford,Hartford County
Bloomfield,Greater Hartford,Hartford County
Bolton,Greater Hartford,Tolland County
Canton,Greater Hartford,Hartford County
Columbia,Greater Hartford,Tolland County
Coventry,Greater Hartford,Tolland County
East Granby,Greater Hartford,Hartford County
East Hartford,Greater Hartford,Hartford County
East Windsor,Greater Hartford,Hartford County
Ellington,Greater Hartford,Tolland County
Enfield,Greater Hartford,Hartford County
Farmington,Greater Hartford,Hartford County
Glastonbury,Greater Hartford,Hartford County
Granby,Greater Hartford,Hartford County
Hartford,Greater Hartford,Hartford County
Hebron,Greater Hartford,Tolland County
Manchester,Greater Hartford,Hartford County
Mansfield,Greater Hartford,Tolland County
Marlborough,Greater Hartford,Hartford County
New Britain,Greater Hartford,Hartford County
Newington,Greater Hartford,Hartford County
Plainville,Greater Hartford,Hartford County
Rocky Hill,Greater Hartford,Hartford County
Simsbury,Greater Hartford,Hartford County
Somers,Greater Hartford,Tolland County
South Windsor,Greater Hartford,Hartford County
Southington,Greater Hartford,Hartford County
Stafford,Greater Hartford,Tolland County
Suffield,Greater Hartford,Hartford County
Tolland,Greater Hartford,Tolland County
Vernon,Greater Hartford,Tolland County
West Hartford,Greater Hartford,Hartford County
Wethersfield,Greater Hartford,Hartford County
Willington,Greater Hartford,Tolland County
Windsor,Greater Hartford,Hartford County
Windsor Locks,Greater Hartford,Hartford County
Berlin,Hartford Inner Ring,Hartford County
Bloomfield,Hartford Inner Ring,Hartford County
East Hartford,Hartford Inner Ring,Hartford County
Enfield,Hartford Inner Ring,Hartford County
Manchester,Hartford Inner Ring,Hartford County
Newington,Hartford Inner Ring,Hartford County
Plainville,Hartford Inner Ring,Hartford County
Rocky Hill,Hartford Inner Ring,Hartford County
Vernon,Hartford Inner Ring,Tolland County
West Hartford,Hartford Inner Ring,Hartford County
Wethersfield,Hartford Inner Ring,Hartford County
Windsor,Hartford Inner Ring,Hartford County
Windsor Locks,Hartford Inner Ring,Hartford County
Andover,Hartford Outer Ring,Tolland County
Avon,Hartford Outer Ring,Hartford County
Bolton,Hartford Outer Ring,Tolland County
Canton,Hartford Outer Ring,Hartford County
Columbia,Hartford Outer Ring,Tolland County
Coventry,Hartford Outer Ring,Tolland County
East Granby,Hartford Outer Ring,Hartford County
East Windsor,Hartford Outer Ring,Hartford County
Ellington,Hartford Outer Ring,Tolland County
Farmington,Hartford Outer Ring,Hartford County
Glastonbury,Hartford Outer Ring,Hartford County
Granby,Hartford Outer Ring,Hartford County
Hebron,Hartford Outer Ring,Tolland County
Mansfield,Hartford Outer Ring,Tolland County
Marlborough,Hartford Outer Ring,Hartford County
Simsbury,Hartford Outer Ring,Hartford County
Somers,Hartford Outer Ring,Tolland County
South Windsor,Hartford Outer Ring,Hartford County
Southington,Hartford Outer Ring,Hartford County
Stafford,Hartford Outer Ring,Tolland County
Suffield,Hartford Outer Ring,Hartford County
Tolland,Hartford Outer Ring,Tolland County
Willington,Hartford Outer Ring,Tolland County
New London,Eastern cities,New London County
Norwich,Eastern cities,New London County
Groton,Eastern cities,New London County
Windham,Eastern cities,Windham County
Hartland,NA,Hartford County
Bristol,NA,Hartford County
Burlington,NA,Hartford County
